3-river-wireless-us:                              number@sms.3rivers.net
advantage-communications-us:                      number@advantagepaging.com
airtouch-pagers-us:                               number@airtouch.net
airvoice-us:                                      number@mmode.com
alltel-pcs-us:                                    number@message.alltel.com
alltel-us:                                        number@message.alltel.com
ameritech-paging-us:                              number@pageapi.com
arch-pagers-pagenet-us:                           number@archwireless.net
att-us:                                           number@txt.att.net
beeline-gsm-ru:                                   number@sms.beemail.ru
bell-mobility-ca:                                 number@txt.bell.ca-ca
bell-south-blackberry-us:                         number@bellsouthtips.com
bell-south-cl:                                    number@bellsouth.cl
bell-south-mobility-us:                           number@blsdcs.net
bell-south-us:                                    number@sms.bellsouth.com
bluegrass-cellular-us:                            number@sms.bluecell.com
blue-sky-frog-au:                                 number@blueskyfrog.com-au
boost-mobile-us:                                  number@myboostmobile.com
boost-us:                                         number@myboostmobile.com
bpl-mobile-in:                                    number@bplmobile.com
cable-and-wireless-pa:                            number@cwmovil.com
callplus-us:                                      number@mmode.com
carolina-mobile-communications-us:                number@cmcpaging.com
celcom-my:                                        019number@sms.celcom.com.my
cellis-libancell-lb:                              9613number@ens.jinny.com.lb
cellular-one-east-coast-us:                       number@phone.cellone.net
cellular-one-pcs-us:                              number@paging.cellone-sf.com
cellular-one-south-west-us:                       number@swmsg.com
cellular-one-us:                                  number@sbcemail.com
cellular-one-west-us:                             number@mycellone.com
cellular-south-us:                                number@csouth1.com
central-vermont-communications-us:                number@cvcpaging.com
centurytel-us:                                    number@messaging.centurytel.net
chennai-rpg-cellular-in:                          number@rpgmail.net
chennai-skycell-airtel-in:                        number@airtelchennai.com
cingular-gsm-us:                                  number@cingularme.com
cingular-tdma-us:                                 number@mmode.com
cingular-us:                                      number@cingularme.com
cingular-wireless-us:                             number@mobile.mycingular.net
communication-specialists-us:                     number@pageme.comspeco.net
comviq-gsm-se:                                    467number@sms.comviq.se
cook-paging-us:                                   number@cookmail.com
corr-wireless-communications-us:                  number@corrwireless.net
delhi-aritel-in:                                  number@airtelmail.com
delhi-hutch-in:                                   number@delhi.hutch.co.in
dobson-alex-wireless-dobson-cellular-one-us:      number@mobile.cellularone.com
dobson-communications-corporation-us:             number@mobile.dobson.net
dutchtoner-orange-nl:                             number@sms.orange.nl
edge-wireless-us:                                 number@sms.edgewireless.com
emt-ee:                                           number@sms.emt.ee
e-plus-de:                                        0177number.sms@eplus.de
europolitan-se:                                   4670number@europolitan.se
eurotel-cz:                                       +ccaanumber@sms.eurotel.cz
fido-ca:                                          number@fido.ca-ca
galaxy-corporation-us:                            number@sendabeep.net
gcs-paging-us:                                    number@webpager.us
golden-telecom-ua:                                number@sms.goldentele.com
graylink-porta-phone-us:                          number@epage.porta-phone.com
gte-us:                                           number@gte.pagegate.net
houston-cellular-us:                              number@text.houstoncellular.net
idea-cellular-in:                                 number@ideacellular.net
inland-cellular-telephone-us:                     number@inlandlink.com
jsm-tele-page-us:                                 number@jsmtel.com
kyivstar-lv:                                      number@smsmail.lmt.lv
kyivstar-ua:                                      number@2sms.kyivstar.net
lauttamus-communication-us:                       number@e-page.net
lmt-lv:                                           9number@smsmail.lmt.lv
manitoba-telecom-systems-ca:                      number@text.mtsmobility.com-ca
mannesmann-mobilefunk-de:                         number@d2-message.de
maxmobil-at:                                      number@max.mail.at
mci-phone-us:                                     number@mci.com
mci-us:                                           number@pagemci.com
meteor-ie:                                        number@sms.mymeteor.ie
metrocall-2-way-us:                               number@my2way.com
metrocall-us:                                     number@page.metrocall.com
metro-pcs-us:                                     number@mymetropcs.com
metropcs-us:                                      number@mymetropcs.com
microcell-ca:                                     number@fido.ca-ca
midwest-wireless-us:                              number@clearlydigital.com
miworld-sg:                                       number@m1.com.sg
mobilecom-pa-us:                                  number@page.mobilcom.net
mobileone-sg:                                     number@m1.com.sg
mobilfone-us:                                     number@page.mobilfone.com
mobility-bm:                                      number@ml.bm-bm
mobistar-au:                                      number@mobistar.be-be
mobitel-si:                                       number@linux.mobitel.si
mobitel-tz:                                       number@sms.co.tz
mobtel-srbija-yu:                                 number@mobtel.co.yu
morris-wireless-us:                               number@beepone.net
movistar-es:                                      number@correo.movistar.net
mts-ru:                                           7number@sms.mts.ru
nbtel-ca:                                         number@wirefree.informe.ca-ca
netcom-no:                                        number@sms.netcom.no
nextel-br:                                        number@nextel.com.br
nextel-us:                                        number@messaging.nextel.com
npi-wireless-us:                                  number@npiwireless.com
ntelos-us:                                        number@pcs.ntelos.com
o2-de:                                            number@o2online.de
o2-m-mail-uk:                                     number@mmail.co.uk
o2-uk:                                            name@o2.co.uk
omnipoint-us:                                     number@omnipoint.com
one-connect-at:                                   number@onemail.at
onlinebeep-us:                                    number@onlinebeep.net
optimus-pt:                                       93number@sms.optimus.pt
optus-mobile-au:                                  number@optusmobile.com.au-au
orange-in:                                        number@orangemail.co.in
oskar-cz:                                         number@mujoskar.cz
pacific-bell-us:                                  number@pacbellpcs.net
pagemart-ca:                                      number@pmcl.net-ca
pagemart-us:                                      number@pagemart.net
pagenet-ca:                                       number@pagegate.pagenet.ca-ca
pageone-northwest-us:                             number@page1nw.com
p-and-t-lu:                                       number@sms.luxgsm.lu
pcs-one-us:                                       number@pcsone.net
personal-communication-ru:                        requires-number-in-subject-line-sms@pcom.ru
pgsm-hu:                                          3620number@sms.pgsm.hu
pioneer-enid-cellular-us:                         number@msg.pioneerenidcellular.com
plus-gsm-po:                                      +4860number@text.plusgsm.pl
powertel-us:                                      number@ptel.net
price-communications-us:                          number@mobilecell1se.com
primtel-ru:                                       number@sms.primtel.ru
propage-us:                                       number@page.propage.net
protel-us:                                        posts_directly_to_a_webpage
public-service-cellular-us:                       number@sms.pscel.com
qualcomm-us:                                      name@pager.qualcomm.com
qwest-us:                                         number@qwestmp.com
ram-page-us:                                      number@ram-page.com
rogers-ca:                                        number@pcs.rogers.com
safaricom-us:                                     number@safaricomsms.com
satelindo-gsm-us:                                 number@satelindogsm.com
satellink-us:                                     number.pageme@satellink.net
scs-900-ru:                                       number@scs-900.ru
sfr-fr:                                           number@sfr.fr
si-mobil-si:                                      number@simobil.net
simple-freedom-us:                                number@text.simplefreedom.net
skytel-pagers-us:                                 number@skytel.com
smart-telecom-us:                                 number@mysmart.mymobile.ph
sonofon-dk:                                       number@note.sonofon.dk
southern-linc-us:                                 number@page.southernlinc.com
southwestern-bell-us:                             number@email.swbw.com
sprint-pcs-us:                                    number@messaging.sprintpcs.com
sprint-us:                                        number@sprintpaging.com
st-paging-us:                                     pin@page.stpaging.com
suncom-us:                                        number@tms.suncom.com
sunrise-mobile-ch:                                number@mysunrise.ch
surewest-communications-us:                       number@mobile.surewest.com
swisscom-ch:                                      number@bluewin.ch
telcel-pt:                                        91number@sms.telecel.pt
tele2-lv:                                         number@sms.tele2.lv
telecom-italia-mobile-it:                         33number@posta.tim.it
tele-danmark-mobil-dk:                            number@sms.tdk.dk
telenor-no:                                       number@mobilpost.no
teletouch-us:                                     number@pageme.teletouch.com
telia-denmark-dk:                                 number@gsm1800.telia.dk
telus-ca:                                         number@msg.telus.com-ca
telus-us:                                         number@msg.telus.com
the-indiana-paging-co-us:                         number@pager.tdspager.com
tim-us:                                           number@timnet.com
tmn-pt:                                           96number@mail.tmn.pt
t-mobile-at:                                      number@sms.t-mobile.at
t-mobile-de:                                      +49number@t-d1-sms.de
t-mobile-uk:                                      number@t-mobile.uk.net
t-mobile-us:                                      number@tmomail.net
triton-us:                                        number@tms.suncom.com
tsr-wireless-us:                                  number@alphame.com
umc-ua:                                           number@sms.umc.com.ua
unicel-us:                                        number@utext.com
uraltel-ru:                                       number@sms.uraltel.ru
usa-mobility-us:                                  number@mobilecomm.net
us-cellular-us:                                   number@email.uscc.net
verizon-pagers-us:                                number@myairmail.com
verizon-pcs-us:                                   number@myvzw.com
verizon-us:                                       number@vtext.com
vessotel-ru:                                      number@pager.irkutsk.ru
virgin-mobile-us:                                 number@vmobl.com
virgin-us:                                        number@vmobl.com
vodafone-es:                                      number@vodafone.es
vodafone-it:                                      number@sms.vodafone.it
vodafone-jp:                                      number@c.vodafone.ne.jp
vodafone-omnitel-it:                              34number@vizzavi.it
weblink-wireless-us:                              number@pagemart.net
west-central-wireless-us:                         number@sms.wcc.net
western-wireless-us:                              number@cellularonewest.com
wyndtell-us:                                      number@wyndtell.com
